<?xml version="1.0" encoding="UTF-8"?><idempiere Name="WS_WebServiceType" Version="1.0.0" idempiereVersion="7.1.0.202003261716" DataBaseVersion="2019-11-22" Description="" Author="SuperUser" AuthorEmail="superuser @ idempiere.com" CreatedDate="Mon Jun 15 12:04:17 UTC 2020" UpdatedDate="Mon Jun 15 12:04:17 UTC 2020" PackOutVersion="100" UpdateDictionary="true" Client="11-GardenWorld-GardenWorld" AD_Client_UU="3268b9a8-10d8-466d-96e5-aa01166408fa">
    <WS_WebServiceType type="table">
        <AD_Org_ID>0</AD_Org_ID>
        <Description/>
        <Help/>
        <IsActive>Y</IsActive>
        <Name>ReadImageTest</Name>
        <Value>ReadImageTest</Value>
        <WS_WebService_ID reference="id">50001</WS_WebService_ID>
        <WS_WebServiceMethod_ID reference="id">50027</WS_WebServiceMethod_ID>
        <AD_Table_ID reference="id">461</AD_Table_ID>
        <WS_WebServiceType_UU>5a888237-5415-4ffe-bad9-97316e1090bd</WS_WebServiceType_UU>
        <WS_WebService_Para type="table">
            <AD_Org_ID>0</AD_Org_ID>
            <WS_WebServiceType_ID reference="uuid" reference-key="WS_WebServiceType">5a888237-5415-4ffe-bad9-97316e1090bd</WS_WebServiceType_ID>
            <IsActive>Y</IsActive>
            <ParameterName>TableName</ParameterName>
            <ParameterType>C</ParameterType>
            <ConstantValue>AD_Image</ConstantValue>
            <WS_WebService_Para_UU>73add83e-79cd-439d-8b0b-5b278ae268f3</WS_WebService_Para_UU>
        </WS_WebService_Para>
        <WS_WebService_Para type="table">
            <AD_Org_ID>0</AD_Org_ID>
            <WS_WebServiceType_ID reference="uuid" reference-key="WS_WebServiceType">5a888237-5415-4ffe-bad9-97316e1090bd</WS_WebServiceType_ID>
            <IsActive>Y</IsActive>
            <ParameterName>RecordID</ParameterName>
            <ParameterType>F</ParameterType>
            <ConstantValue/>
            <WS_WebService_Para_UU>c61f5363-d44c-42e6-ac29-f2ad10baa1b3</WS_WebService_Para_UU>
        </WS_WebService_Para>
        <WS_WebService_Para type="table">
            <AD_Org_ID>0</AD_Org_ID>
            <WS_WebServiceType_ID reference="uuid" reference-key="WS_WebServiceType">5a888237-5415-4ffe-bad9-97316e1090bd</WS_WebServiceType_ID>
            <IsActive>Y</IsActive>
            <ParameterName>Action</ParameterName>
            <ParameterType>C</ParameterType>
            <ConstantValue>Read</ConstantValue>
            <WS_WebService_Para_UU>1399ccb3-682d-40e1-9e52-5034d3ff0215</WS_WebService_Para_UU>
        </WS_WebService_Para>
        <WS_WebServiceFieldOutput type="table">
            <AD_Org_ID>0</AD_Org_ID>
            <AD_Column_ID reference="id">6287</AD_Column_ID>
            <IsActive>Y</IsActive>
            <WS_WebServiceType_ID reference="uuid" reference-key="WS_WebServiceType">5a888237-5415-4ffe-bad9-97316e1090bd</WS_WebServiceType_ID>
            <WS_WebServiceFieldOutput_UU>8c60cd7a-3848-4b17-bd5c-15b316243c4f</WS_WebServiceFieldOutput_UU>
        </WS_WebServiceFieldOutput>
        <WS_WebServiceFieldOutput type="table">
            <AD_Org_ID>0</AD_Org_ID>
            <AD_Column_ID reference="id">10573</AD_Column_ID>
            <IsActive>Y</IsActive>
            <WS_WebServiceType_ID reference="uuid" reference-key="WS_WebServiceType">5a888237-5415-4ffe-bad9-97316e1090bd</WS_WebServiceType_ID>
            <WS_WebServiceFieldOutput_UU>f9b71fb6-8588-41d2-ae7e-adf802273b45</WS_WebServiceFieldOutput_UU>
        </WS_WebServiceFieldOutput>
        <WS_WebServiceFieldOutput type="table">
            <AD_Org_ID>0</AD_Org_ID>
            <AD_Column_ID reference="id">6295</AD_Column_ID>
            <IsActive>Y</IsActive>
            <WS_WebServiceType_ID reference="uuid" reference-key="WS_WebServiceType">5a888237-5415-4ffe-bad9-97316e1090bd</WS_WebServiceType_ID>
            <WS_WebServiceFieldOutput_UU>bf1d0724-9c60-4f68-aa91-bf2610aac993</WS_WebServiceFieldOutput_UU>
        </WS_WebServiceFieldOutput>
        <WS_WebServiceFieldOutput type="table">
            <AD_Org_ID>0</AD_Org_ID>
            <AD_Column_ID reference="id">6296</AD_Column_ID>
            <IsActive>Y</IsActive>
            <WS_WebServiceType_ID reference="uuid" reference-key="WS_WebServiceType">5a888237-5415-4ffe-bad9-97316e1090bd</WS_WebServiceType_ID>
            <WS_WebServiceFieldOutput_UU>37198dba-98a0-43e6-877e-a378cdb24234</WS_WebServiceFieldOutput_UU>
        </WS_WebServiceFieldOutput>
        <WS_WebServiceTypeAccess type="table">
            <AD_Org_ID>0</AD_Org_ID>
            <AD_Role_ID reference="id">102</AD_Role_ID>
            <WS_WebServiceType_ID reference="uuid" reference-key="WS_WebServiceType">5a888237-5415-4ffe-bad9-97316e1090bd</WS_WebServiceType_ID>
            <IsActive>Y</IsActive>
            <IsReadWrite>Y</IsReadWrite>
            <WS_WebServiceTypeAccess_UU>c34741e7-80c3-4946-aa98-1efda5f9dfef</WS_WebServiceTypeAccess_UU>
        </WS_WebServiceTypeAccess>
        <WS_WebServiceTypeAccess type="table">
            <AD_Org_ID>0</AD_Org_ID>
            <AD_Role_ID reference="id">50004</AD_Role_ID>
            <WS_WebServiceType_ID reference="uuid" reference-key="WS_WebServiceType">5a888237-5415-4ffe-bad9-97316e1090bd</WS_WebServiceType_ID>
            <IsActive>Y</IsActive>
            <IsReadWrite>Y</IsReadWrite>
            <WS_WebServiceTypeAccess_UU>2073950a-f473-427c-a3df-c44bc5bca5c4</WS_WebServiceTypeAccess_UU>
        </WS_WebServiceTypeAccess>
    </WS_WebServiceType>
    <WS_WebServiceType type="table">
        <AD_Org_ID>0</AD_Org_ID>
        <Description/>
        <Help/>
        <IsActive>Y</IsActive>
        <Name>CreateImageTest</Name>
        <Value>CreateImageTest</Value>
        <WS_WebService_ID reference="id">50001</WS_WebService_ID>
        <WS_WebServiceMethod_ID reference="id">50024</WS_WebServiceMethod_ID>
        <AD_Table_ID reference="id">461</AD_Table_ID>
        <WS_WebServiceType_UU>a3f02d42-a7cf-4ecd-b7a0-6eccf16dbbac</WS_WebServiceType_UU>
        <WS_WebService_Para type="table">
            <AD_Org_ID>0</AD_Org_ID>
            <WS_WebServiceType_ID reference="uuid" reference-key="WS_WebServiceType">a3f02d42-a7cf-4ecd-b7a0-6eccf16dbbac</WS_WebServiceType_ID>
            <IsActive>Y</IsActive>
            <ParameterName>Action</ParameterName>
            <ParameterType>C</ParameterType>
            <ConstantValue>Create</ConstantValue>
            <WS_WebService_Para_UU>fdeb1179-8c36-4f18-b572-23bf26474872</WS_WebService_Para_UU>
        </WS_WebService_Para>
        <WS_WebService_Para type="table">
            <AD_Org_ID>0</AD_Org_ID>
            <WS_WebServiceType_ID reference="uuid" reference-key="WS_WebServiceType">a3f02d42-a7cf-4ecd-b7a0-6eccf16dbbac</WS_WebServiceType_ID>
            <IsActive>Y</IsActive>
            <ParameterName>RecordID</ParameterName>
            <ParameterType>F</ParameterType>
            <ConstantValue/>
            <WS_WebService_Para_UU>b3655ad0-2908-4ab2-886d-0a461b507ee5</WS_WebService_Para_UU>
        </WS_WebService_Para>
        <WS_WebService_Para type="table">
            <AD_Org_ID>0</AD_Org_ID>
            <WS_WebServiceType_ID reference="uuid" reference-key="WS_WebServiceType">a3f02d42-a7cf-4ecd-b7a0-6eccf16dbbac</WS_WebServiceType_ID>
            <IsActive>Y</IsActive>
            <ParameterName>TableName</ParameterName>
            <ParameterType>C</ParameterType>
            <ConstantValue>AD_Image</ConstantValue>
            <WS_WebService_Para_UU>51efc812-371a-4b73-bfb5-881afe9e9d13</WS_WebService_Para_UU>
        </WS_WebService_Para>
        <WS_WebServiceFieldInput type="table">
            <AD_Org_ID>0</AD_Org_ID>
            <WS_WebServiceType_ID reference="uuid" reference-key="WS_WebServiceType">a3f02d42-a7cf-4ecd-b7a0-6eccf16dbbac</WS_WebServiceType_ID>
            <IsActive>Y</IsActive>
            <AD_Column_ID reference="id">6295</AD_Column_ID>
            <AD_Reference_ID reference="id">14</AD_Reference_ID>
            <ColumnName/>
            <IdentifierLogic/>
            <IsIdentifier>N</IsIdentifier>
            <IsNullIdentifier>N</IsNullIdentifier>
            <WS_WebServiceFieldInput_UU>b6da35bd-5944-4dd7-9e70-6bc1eabfdff7</WS_WebServiceFieldInput_UU>
            <AD_Reference_Value_ID reference="id"/>
        </WS_WebServiceFieldInput>
        <WS_WebServiceFieldInput type="table">
            <AD_Org_ID>0</AD_Org_ID>
            <WS_WebServiceType_ID reference="uuid" reference-key="WS_WebServiceType">a3f02d42-a7cf-4ecd-b7a0-6eccf16dbbac</WS_WebServiceType_ID>
            <IsActive>Y</IsActive>
            <AD_Column_ID reference="id">10573</AD_Column_ID>
            <AD_Reference_ID reference="id">14</AD_Reference_ID>
            <ColumnName/>
            <IdentifierLogic/>
            <IsIdentifier>N</IsIdentifier>
            <IsNullIdentifier>N</IsNullIdentifier>
            <WS_WebServiceFieldInput_UU>3b2735aa-c39f-4f52-856a-e9b0182e46ca</WS_WebServiceFieldInput_UU>
            <AD_Reference_Value_ID reference="id"/>
        </WS_WebServiceFieldInput>
        <WS_WebServiceFieldInput type="table">
            <AD_Org_ID>0</AD_Org_ID>
            <WS_WebServiceType_ID reference="uuid" reference-key="WS_WebServiceType">a3f02d42-a7cf-4ecd-b7a0-6eccf16dbbac</WS_WebServiceType_ID>
            <IsActive>Y</IsActive>
            <AD_Column_ID reference="id">6296</AD_Column_ID>
            <AD_Reference_ID reference="id">23</AD_Reference_ID>
            <ColumnName/>
            <IdentifierLogic/>
            <IsIdentifier>N</IsIdentifier>
            <IsNullIdentifier>N</IsNullIdentifier>
            <WS_WebServiceFieldInput_UU>8fc4b8b9-92ea-4be9-afb0-5b6fe61d8df9</WS_WebServiceFieldInput_UU>
            <AD_Reference_Value_ID reference="id"/>
        </WS_WebServiceFieldInput>
        <WS_WebServiceFieldOutput type="table">
            <AD_Org_ID>0</AD_Org_ID>
            <AD_Column_ID reference="id">6287</AD_Column_ID>
            <IsActive>Y</IsActive>
            <WS_WebServiceType_ID reference="uuid" reference-key="WS_WebServiceType">a3f02d42-a7cf-4ecd-b7a0-6eccf16dbbac</WS_WebServiceType_ID>
            <WS_WebServiceFieldOutput_UU>446902bd-695d-4d62-a359-f943d3ba81ed</WS_WebServiceFieldOutput_UU>
        </WS_WebServiceFieldOutput>
        <WS_WebServiceFieldOutput type="table">
            <AD_Org_ID>0</AD_Org_ID>
            <AD_Column_ID reference="id">6295</AD_Column_ID>
            <IsActive>Y</IsActive>
            <WS_WebServiceType_ID reference="uuid" reference-key="WS_WebServiceType">a3f02d42-a7cf-4ecd-b7a0-6eccf16dbbac</WS_WebServiceType_ID>
            <WS_WebServiceFieldOutput_UU>bad4b23f-e927-4d4a-ba7a-2416a256fea0</WS_WebServiceFieldOutput_UU>
        </WS_WebServiceFieldOutput>
        <WS_WebServiceFieldOutput type="table">
            <AD_Org_ID>0</AD_Org_ID>
            <AD_Column_ID reference="id">10573</AD_Column_ID>
            <IsActive>Y</IsActive>
            <WS_WebServiceType_ID reference="uuid" reference-key="WS_WebServiceType">a3f02d42-a7cf-4ecd-b7a0-6eccf16dbbac</WS_WebServiceType_ID>
            <WS_WebServiceFieldOutput_UU>0d4d90cc-1b26-46a6-b2ee-4e1f83dda02a</WS_WebServiceFieldOutput_UU>
        </WS_WebServiceFieldOutput>
        <WS_WebServiceFieldOutput type="table">
            <AD_Org_ID>0</AD_Org_ID>
            <AD_Column_ID reference="id">6296</AD_Column_ID>
            <IsActive>Y</IsActive>
            <WS_WebServiceType_ID reference="uuid" reference-key="WS_WebServiceType">a3f02d42-a7cf-4ecd-b7a0-6eccf16dbbac</WS_WebServiceType_ID>
            <WS_WebServiceFieldOutput_UU>4e1c2c1a-1e75-4b6c-85c8-66bfd4c6ed17</WS_WebServiceFieldOutput_UU>
        </WS_WebServiceFieldOutput>
        <WS_WebServiceTypeAccess type="table">
            <AD_Org_ID>0</AD_Org_ID>
            <AD_Role_ID reference="id">102</AD_Role_ID>
            <WS_WebServiceType_ID reference="uuid" reference-key="WS_WebServiceType">a3f02d42-a7cf-4ecd-b7a0-6eccf16dbbac</WS_WebServiceType_ID>
            <IsActive>Y</IsActive>
            <IsReadWrite>Y</IsReadWrite>
            <WS_WebServiceTypeAccess_UU>6fac0428-b622-4f23-abef-27ae07bd879f</WS_WebServiceTypeAccess_UU>
        </WS_WebServiceTypeAccess>
        <WS_WebServiceTypeAccess type="table">
            <AD_Org_ID>0</AD_Org_ID>
            <AD_Role_ID reference="id">50004</AD_Role_ID>
            <WS_WebServiceType_ID reference="uuid" reference-key="WS_WebServiceType">a3f02d42-a7cf-4ecd-b7a0-6eccf16dbbac</WS_WebServiceType_ID>
            <IsActive>Y</IsActive>
            <IsReadWrite>Y</IsReadWrite>
            <WS_WebServiceTypeAccess_UU>2c4f98e3-3b06-4d86-aa58-3d53a89a57ac</WS_WebServiceTypeAccess_UU>
        </WS_WebServiceTypeAccess>
    </WS_WebServiceType>
    <WS_WebServiceType type="table">
        <AD_Org_ID>0</AD_Org_ID>
        <Description/>
        <Help/>
        <IsActive>Y</IsActive>
        <Name>QueryImageTest</Name>
        <Value>QueryImageTest</Value>
        <WS_WebService_ID reference="id">50001</WS_WebService_ID>
        <WS_WebServiceMethod_ID reference="id">50028</WS_WebServiceMethod_ID>
        <AD_Table_ID reference="id">461</AD_Table_ID>
        <WS_WebServiceType_UU>c468ec66-e826-4e66-9fa3-71b7486d9453</WS_WebServiceType_UU>
        <WS_WebService_Para type="table">
            <AD_Org_ID>0</AD_Org_ID>
            <WS_WebServiceType_ID reference="uuid" reference-key="WS_WebServiceType">c468ec66-e826-4e66-9fa3-71b7486d9453</WS_WebServiceType_ID>
            <IsActive>Y</IsActive>
            <ParameterName>Action</ParameterName>
            <ParameterType>C</ParameterType>
            <ConstantValue>Read</ConstantValue>
            <WS_WebService_Para_UU>f297ceb1-ae24-46c0-8d7b-8684312a9890</WS_WebService_Para_UU>
        </WS_WebService_Para>
        <WS_WebService_Para type="table">
            <AD_Org_ID>0</AD_Org_ID>
            <WS_WebServiceType_ID reference="uuid" reference-key="WS_WebServiceType">c468ec66-e826-4e66-9fa3-71b7486d9453</WS_WebServiceType_ID>
            <IsActive>Y</IsActive>
            <ParameterName>RecordID</ParameterName>
            <ParameterType>F</ParameterType>
            <ConstantValue/>
            <WS_WebService_Para_UU>63406067-c9ba-4d1d-8cd1-90aad99b1a55</WS_WebService_Para_UU>
        </WS_WebService_Para>
        <WS_WebService_Para type="table">
            <AD_Org_ID>0</AD_Org_ID>
            <WS_WebServiceType_ID reference="uuid" reference-key="WS_WebServiceType">c468ec66-e826-4e66-9fa3-71b7486d9453</WS_WebServiceType_ID>
            <IsActive>Y</IsActive>
            <ParameterName>TableName</ParameterName>
            <ParameterType>C</ParameterType>
            <ConstantValue>AD_Image</ConstantValue>
            <WS_WebService_Para_UU>621f1623-6c95-4fef-9ef9-eae986e5a066</WS_WebService_Para_UU>
        </WS_WebService_Para>
        <WS_WebServiceFieldInput type="table">
            <AD_Org_ID>0</AD_Org_ID>
            <WS_WebServiceType_ID reference="uuid" reference-key="WS_WebServiceType">c468ec66-e826-4e66-9fa3-71b7486d9453</WS_WebServiceType_ID>
            <IsActive>Y</IsActive>
            <AD_Column_ID reference="id">6295</AD_Column_ID>
            <AD_Reference_ID reference="id">14</AD_Reference_ID>
            <ColumnName/>
            <IdentifierLogic/>
            <IsIdentifier>N</IsIdentifier>
            <IsNullIdentifier>N</IsNullIdentifier>
            <WS_WebServiceFieldInput_UU>f9a18f1d-bcd1-4ebf-9958-7ea025a729d0</WS_WebServiceFieldInput_UU>
            <AD_Reference_Value_ID reference="id"/>
        </WS_WebServiceFieldInput>
        <WS_WebServiceFieldInput type="table">
            <AD_Org_ID>0</AD_Org_ID>
            <WS_WebServiceType_ID reference="uuid" reference-key="WS_WebServiceType">c468ec66-e826-4e66-9fa3-71b7486d9453</WS_WebServiceType_ID>
            <IsActive>Y</IsActive>
            <AD_Column_ID reference="id">10573</AD_Column_ID>
            <AD_Reference_ID reference="id">14</AD_Reference_ID>
            <ColumnName/>
            <IdentifierLogic/>
            <IsIdentifier>N</IsIdentifier>
            <IsNullIdentifier>N</IsNullIdentifier>
            <WS_WebServiceFieldInput_UU>086ce4d9-9999-4e31-8394-426329f3bae8</WS_WebServiceFieldInput_UU>
            <AD_Reference_Value_ID reference="id"/>
        </WS_WebServiceFieldInput>
        <WS_WebServiceFieldInput type="table">
            <AD_Org_ID>0</AD_Org_ID>
            <WS_WebServiceType_ID reference="uuid" reference-key="WS_WebServiceType">c468ec66-e826-4e66-9fa3-71b7486d9453</WS_WebServiceType_ID>
            <IsActive>Y</IsActive>
            <AD_Column_ID reference="id">6287</AD_Column_ID>
            <AD_Reference_ID reference="id">13</AD_Reference_ID>
            <ColumnName/>
            <IdentifierLogic/>
            <IsIdentifier>N</IsIdentifier>
            <IsNullIdentifier>N</IsNullIdentifier>
            <WS_WebServiceFieldInput_UU>e176e2d4-df40-40c8-a51d-4ff50933405b</WS_WebServiceFieldInput_UU>
            <AD_Reference_Value_ID reference="id"/>
        </WS_WebServiceFieldInput>
        <WS_WebServiceFieldOutput type="table">
            <AD_Org_ID>0</AD_Org_ID>
            <AD_Column_ID reference="id">6287</AD_Column_ID>
            <IsActive>Y</IsActive>
            <WS_WebServiceType_ID reference="uuid" reference-key="WS_WebServiceType">c468ec66-e826-4e66-9fa3-71b7486d9453</WS_WebServiceType_ID>
            <WS_WebServiceFieldOutput_UU>d00cb250-b779-4937-b7f6-c690c4dc7c6d</WS_WebServiceFieldOutput_UU>
        </WS_WebServiceFieldOutput>
        <WS_WebServiceFieldOutput type="table">
            <AD_Org_ID>0</AD_Org_ID>
            <AD_Column_ID reference="id">6295</AD_Column_ID>
            <IsActive>Y</IsActive>
            <WS_WebServiceType_ID reference="uuid" reference-key="WS_WebServiceType">c468ec66-e826-4e66-9fa3-71b7486d9453</WS_WebServiceType_ID>
            <WS_WebServiceFieldOutput_UU>95de88a7-d891-40ef-871a-3d8de1e021ec</WS_WebServiceFieldOutput_UU>
        </WS_WebServiceFieldOutput>
        <WS_WebServiceFieldOutput type="table">
            <AD_Org_ID>0</AD_Org_ID>
            <AD_Column_ID reference="id">10573</AD_Column_ID>
            <IsActive>Y</IsActive>
            <WS_WebServiceType_ID reference="uuid" reference-key="WS_WebServiceType">c468ec66-e826-4e66-9fa3-71b7486d9453</WS_WebServiceType_ID>
            <WS_WebServiceFieldOutput_UU>66359ac6-7b7b-4aae-af7c-ca8a6336a18e</WS_WebServiceFieldOutput_UU>
        </WS_WebServiceFieldOutput>
        <WS_WebServiceFieldOutput type="table">
            <AD_Org_ID>0</AD_Org_ID>
            <AD_Column_ID reference="id">6296</AD_Column_ID>
            <IsActive>Y</IsActive>
            <WS_WebServiceType_ID reference="uuid" reference-key="WS_WebServiceType">c468ec66-e826-4e66-9fa3-71b7486d9453</WS_WebServiceType_ID>
            <WS_WebServiceFieldOutput_UU>30bcbb17-4506-42ae-a07c-003a24a944a5</WS_WebServiceFieldOutput_UU>
        </WS_WebServiceFieldOutput>
        <WS_WebServiceTypeAccess type="table">
            <AD_Org_ID>0</AD_Org_ID>
            <AD_Role_ID reference="id">102</AD_Role_ID>
            <WS_WebServiceType_ID reference="uuid" reference-key="WS_WebServiceType">c468ec66-e826-4e66-9fa3-71b7486d9453</WS_WebServiceType_ID>
            <IsActive>Y</IsActive>
            <IsReadWrite>Y</IsReadWrite>
            <WS_WebServiceTypeAccess_UU>705bde59-38ac-42a1-ba15-ddbe5a418913</WS_WebServiceTypeAccess_UU>
        </WS_WebServiceTypeAccess>
        <WS_WebServiceTypeAccess type="table">
            <AD_Org_ID>0</AD_Org_ID>
            <AD_Role_ID reference="id">50004</AD_Role_ID>
            <WS_WebServiceType_ID reference="uuid" reference-key="WS_WebServiceType">c468ec66-e826-4e66-9fa3-71b7486d9453</WS_WebServiceType_ID>
            <IsActive>Y</IsActive>
            <IsReadWrite>Y</IsReadWrite>
            <WS_WebServiceTypeAccess_UU>80ba423a-e6c1-4217-bdbc-e599dc8cbd1e</WS_WebServiceTypeAccess_UU>
        </WS_WebServiceTypeAccess>
    </WS_WebServiceType>
</idempiere>
